"content_id","content_name","content_type","display_name","desc","url","domain","provider_id","comment","visible","creation_date","creator_id","privacy","author_name"
4023,CopyFileTo__65ff72dcf1aa1b9c009c1993-65ff6de7f1aa1b9c009c1931-0,pcex_set,CopyFileTo,Program Construction Examples,http://pawscomp2.sis.pitt.edu/pcex-authoring/preview/index.html?load=http://pawscomp2.sis.pitt.edu/pcex-authoring/api/hub/65ff72dcf1aa1b9c009c1993?_t=1748888570105&index=0,java,pcex,,1,2025-05-30 19:28:56.000,moh70@pitt.edu,public,Mohammad Hassany
4057,testing_um2_arun_java_SLR_weat_ch__683a7a4f4499273ab8db658a-undefined-1,pcex_set,testing_um2_arun_java_SLR_weat_ch,Program Construction Examples,http://pawscomp2.sis.pitt.edu/pcex-authoring/preview/index.html?load=http://pawscomp2.sis.pitt.edu/pcex-authoring/api/hub/683a7a4f4499273ab8db658a?_t=1748717869706&index=1,java,pcex,,0,2025-05-31 14:54:24.000,arl122@pitt.edu,private,Arun Balajiee Lekshmi Narayanan
4061,testing_um2_arun_java_SLR_weat_ex__683b514227c37279d84e7db0-683a857a27c37279d84e7941-0,pcex_set,testing_um2_arun_java_SLR_weat_ex,Program Construction Examples,http://pawscomp2.sis.pitt.edu/pcex-authoring/preview/index.html?load=http://pawscomp2.sis.pitt.edu/pcex-authoring/api/hub/683b514227c37279d84e7db0?_t=1748718394194&index=0,java,pcex,,1,2025-05-31 15:06:22.000,arl122@pitt.edu,public,Arun Balajiee Lekshmi Narayanan
4063,testing_um2_student_average_arun_ex__683b6c02d426b6fa3bccce79-683b6b2cd426b6fa3bccce68-0,pcex_set,testing_um2_student_average_arun_ex,Program Construction Examples,http://pawscomp2.sis.pitt.edu/pcex-authoring/preview/index.html?load=http://pawscomp2.sis.pitt.edu/pcex-authoring/api/hub/683b6c02d426b6fa3bccce79?_t=1748726678763&index=0,java,pcex,,1,2025-05-31 16:55:49.000,arl122@pitt.edu,public,Arun Balajiee Lekshmi Narayanan
4168,Pythagorean Theorem (Case 1)__664e23fd91363872f0ba32ea-664e23fa91363872f0ba32e6-0,pcex_set,Pythagorean Theorem (Case 1),Program Construction Examples,http://pawscomp2.sis.pitt.edu/pcex-authoring/preview/index.html?load=http://pawscomp2.sis.pitt.edu/pcex-authoring/api/hub/664e23fd91363872f0ba32ea?_t=1749071975286&index=0,py,pcex,,1,2025-06-04 17:19:17.000,moh70@pitt.edu,public,Mohammad Hassany
4170,Hello World!Hello World!Hello World!Hello World!Hello World!Hello World!Hello World!Hello World!Hello World!Hello World!__6841a563df5ea13f28e41c50-64b763c860d31a67899d9b9a-0,pcex_set,Hello World!Hello World!Hello World!Hello World!Hello World!Hello World!Hello World!Hello World!Hello World!Hello World!,Program Construction Examples,http://pawscomp2.sis.pitt.edu/pcex-authoring/preview/index.html?load=http://pawscomp2.sis.pitt.edu/pcex-authoring/api/hub/6841a563df5ea13f28e41c50?_t=1749132783194&index=0,java,pcex,,1,2025-06-05 10:12:27.000,moh70@pitt.edu,private,Mohammad Hassany
4173,py_nested_if_temperature_es__6827373266a8e1b992c81241,pcex_set,Advertir al Usuario sobre los Cambios en la Temperatura,Program Construction Examples,http://pawscomp2.sis.pitt.edu/pcex-authoring/preview/index.html?load=http://pawscomp2.sis.pitt.edu/pcex-authoring/api/hub/6827373266a8e1b992c81241?_t=1749534494091&index=0,py,pcex,,1,2025-06-09 10:31:21.000,jab464@pitt.edu,public,Jordan Ariel Barria Pineda
4175,py_win_percentage_es__6834728366a8e1b992c843d6,pcex_set,Calculando el Porcentaje de Victorias de un Equipo (Caso 1),Program Construction Examples,http://pawscomp2.sis.pitt.edu/pcex-authoring/preview/index.html?load=http://pawscomp2.sis.pitt.edu/pcex-authoring/api/hub/6834728366a8e1b992c843d6?_t=1749534479778&index=0&locale=es,py,pcex,,1,2025-06-09 10:31:38.000,jab464@pitt.edu,public,Jordan Ariel Barria Pineda
4178,JSON ITERATION 1__6847083edf5ea13f28e4317c-67a9950a136666301a9e5075-0,pcex_set,JSON ITERATION 1,Program Construction Examples,http://pawscomp2.sis.pitt.edu/pcex-authoring/preview/index.html?load=http://pawscomp2.sis.pitt.edu/pcex-authoring/api/hub/6847083edf5ea13f28e4317c?_t=1749485645138&index=0&locale=es,py,pcex,,1,2025-06-09 12:13:57.000,arl122@pitt.edu,public,Arun Balajiee Lekshmi Narayanan
4180,py_divisor_es__68273d7266a8e1b992c81271,pcex_set,Encontrar el Divisor Mas Pequeno de un Numero Positivo,Program Construction Examples,http://pawscomp2.sis.pitt.edu/pcex-authoring/preview/index.html?load=http://pawscomp2.sis.pitt.edu/pcex-authoring/api/hub/68273d7266a8e1b992c81271?_t=1750184380227&index=0&locale=es,py,pcex,,1,2025-06-10 08:49:49.000,i.alpizarchacon@uu.nl,public,Isaac Alpizar-Chacon
4182,py_star_patterns_es__682dc48e66a8e1b992c82a8a,pcex_set,Imprimir un Patron de Estrellas en Forma de Triangulo Rectangulo,Program Construction Examples,http://pawscomp2.sis.pitt.edu/pcex-authoring/preview/index.html?load=http://pawscomp2.sis.pitt.edu/pcex-authoring/api/hub/682dc48e66a8e1b992c82a8a?_t=1750184382590&index=0&locale=es,py,pcex,,1,2025-06-10 08:51:32.000,i.alpizarchacon@uu.nl,public,Isaac Alpizar-Chacon
4184,py_vending_machine_es__682dc89766a8e1b992c82aaf,pcex_set,Maquina Expendedora Con Dolares y Monedas de Veinticinco,Program Construction Examples,http://pawscomp2.sis.pitt.edu/pcex-authoring/preview/index.html?load=http://pawscomp2.sis.pitt.edu/pcex-authoring/api/hub/682dc89766a8e1b992c82aaf?_t=1750184385233&index=0&locale=es,py,pcex,,1,2025-06-10 08:51:47.000,i.alpizarchacon@uu.nl,public,Isaac Alpizar-Chacon
4186,py_references_passing_values_llm_es__682dca7366a8e1b992c82adf,pcex_set,Pasar Valores,Program Construction Examples,http://pawscomp2.sis.pitt.edu/pcex-authoring/preview/index.html?load=http://pawscomp2.sis.pitt.edu/pcex-authoring/api/hub/682dca7366a8e1b992c82adf?_t=1750184393212&index=0&locale=es,py,pcex,,1,2025-06-10 08:52:29.000,i.alpizarchacon@uu.nl,public,Isaac Alpizar-Chacon
4188,py_list_rotate_llm_es__682dcaab66a8e1b992c82af3,pcex_set,Desplazando los Valores de la Lista a la Izquierda Una Posicion,Program Construction Examples,http://pawscomp2.sis.pitt.edu/pcex-authoring/preview/index.html?load=http://pawscomp2.sis.pitt.edu/pcex-authoring/api/hub/682dcaab66a8e1b992c82af3?_t=1750184398685&index=0&locale=es,py,pcex,,1,2025-06-10 08:53:01.000,i.alpizarchacon@uu.nl,public,Isaac Alpizar-Chacon
4192,py_char_dict_llm_es__682dcacc66a8e1b992c82b04,pcex_set,Creando un Diccionario de Pares Caracteres-Frecuencia,Program Construction Examples,http://pawscomp2.sis.pitt.edu/pcex-authoring/preview/index.html?load=http://pawscomp2.sis.pitt.edu/pcex-authoring/api/hub/682dcacc66a8e1b992c82b04?_t=1750184403978&index=0&locale=es,py,pcex,,1,2025-06-10 08:53:22.000,i.alpizarchacon@uu.nl,public,Isaac Alpizar-Chacon
4194,py_check_product_code_es__682dcce666a8e1b992c82b33,pcex_set,Contando el Numero de Codigos de Producto Validos y Prohibidos (Caso 1),Program Construction Examples,http://pawscomp2.sis.pitt.edu/pcex-authoring/preview/index.html?load=http://pawscomp2.sis.pitt.edu/pcex-authoring/api/hub/682dcce666a8e1b992c82b33?_t=1750184417221&index=0&locale=es,py,pcex,,1,2025-06-10 08:54:03.000,i.alpizarchacon@uu.nl,public,Isaac Alpizar-Chacon
4196,Hello World!__64b8254b8e6e24cfe20cc8f9-64b763c860d31a67899d9b9a-1,pcex_set,Hello World!,Program Construction Examples,http://pawscomp2.sis.pitt.edu/pcex-authoring/preview/index.html?load=http://pawscomp2.sis.pitt.edu/pcex-authoring/api/hub/64b8254b8e6e24cfe20cc8f9?_t=1749570421970&index=1&locale=es,java,pcex,,0,2025-06-10 11:47:01.000,moh70@pitt.edu,private,Mohammad Hassany
4197,py_phone_age_es__682dca1966a8e1b992c82ad0,pcex_set,Determinando Cuando Comprar un Nuevo Telefono (Caso 1),Program Construction Examples,http://pawscomp2.sis.pitt.edu/pcex-authoring/preview/index.html?load=http://pawscomp2.sis.pitt.edu/pcex-authoring/api/hub/682dca1966a8e1b992c82ad0?_t=1750184389188&index=0&locale=es,py,pcex,,1,2025-06-10 12:35:45.000,i.alpizarchacon@uu.nl,public,Isaac Alpizar-Chacon
4199,py_work_hours_es__682dcb6866a8e1b992c82b12,pcex_set,Informe de las Horas Totales Trabajadas por Cada Empleado (Caso 1),Program Construction Examples,http://pawscomp2.sis.pitt.edu/pcex-authoring/preview/index.html?load=http://pawscomp2.sis.pitt.edu/pcex-authoring/api/hub/682dcb6866a8e1b992c82b12?_t=1750184407445&index=0&locale=es,py,pcex,,1,2025-06-10 13:28:09.000,i.alpizarchacon@uu.nl,public,Isaac Alpizar-Chacon
4201,objects_classes_loan_es__682dcc1c66a8e1b992c82b1f,pcex_set,La Clase para Representar un Prestamo (Caso 1),Program Construction Examples,http://pawscomp2.sis.pitt.edu/pcex-authoring/preview/index.html?load=http://pawscomp2.sis.pitt.edu/pcex-authoring/api/hub/682dcc1c66a8e1b992c82b1f?_t=1750184411787&index=0&locale=es,py,pcex,,1,2025-06-10 17:25:38.000,i.alpizarchacon@uu.nl,public,Isaac Alpizar-Chacon
4203,py_bmi_calculator_llm_es__684855dadf5ea13f28e43796,pcex_set,Calculo del Indice de Masa Corporal (IMC),Program Construction Examples,http://pawscomp2.sis.pitt.edu/pcex-authoring/preview/index.html?load=http://pawscomp2.sis.pitt.edu/pcex-authoring/api/hub/684855dadf5ea13f28e43796?_t=1750131410601&index=0&locale=es,py,pcex,,1,2025-06-10 18:16:57.000,jab464@pitt.edu,public,Jordan Ariel Barria Pineda
4205,py_str_count_llm_es__6848670adf5ea13f28e43855,pcex_set,Contando las Ocurrencias de un String en Otro (Caso 1),Program Construction Examples,http://pawscomp2.sis.pitt.edu/pcex-authoring/preview/index.html?load=http://pawscomp2.sis.pitt.edu/pcex-authoring/api/hub/6848670adf5ea13f28e43855?_t=1749593850636&index=0&locale=es,py,pcex,,1,2025-06-10 18:17:17.000,jab464@pitt.edu,public,Jordan Ariel Barria Pineda
4207,py_file_input_stat_es__6848b40edf5ea13f28e43a71,pcex_set,Informe de Informacion del Archivo (Caso 1),Program Construction Examples,http://pawscomp2.sis.pitt.edu/pcex-authoring/preview/index.html?load=http://pawscomp2.sis.pitt.edu/pcex-authoring/api/hub/6848b40edf5ea13f28e43a71?_t=1750131418247&index=0&locale=es,py,pcex,,1,2025-06-11 13:58:04.000,jab464@pitt.edu,public,Jordan Ariel Barria Pineda
4209,py_student_score_es__6849c51bdf5ea13f28e43e9c,pcex_set,Creando un Diccionario de Pares Estudiante-Puntajes (Caso 1),Program Construction Examples,http://pawscomp2.sis.pitt.edu/pcex-authoring/preview/index.html?load=http://pawscomp2.sis.pitt.edu/pcex-authoring/api/hub/6849c51bdf5ea13f28e43e9c?_t=1749763088533&index=0&locale=es,py,pcex,,1,2025-06-12 17:14:59.000,jab464@pitt.edu,public,Jordan Ariel Barria Pineda
4211,py_check_age_es__684a48b993e8925157112eb7,pcex_set,Determinando Si Uno Es Adolescente (Caso 1),Program Construction Examples,http://pawscomp2.sis.pitt.edu/pcex-authoring/preview/index.html?load=http://pawscomp2.sis.pitt.edu/pcex-authoring/api/hub/684a48b993e8925157112eb7?_t=1750131406529&index=0&locale=es,py,pcex,,1,2025-06-12 17:18:05.000,jab464@pitt.edu,public,Jordan Ariel Barria Pineda
4213,py_print_medals_es__684c3d3ca0cac29134435d81,pcex_set,Imprimir Tabla de Conteo de Medallas con Totales por Fila,Program Construction Examples,http://pawscomp2.sis.pitt.edu/pcex-authoring/preview/index.html?load=http://pawscomp2.sis.pitt.edu/pcex-authoring/api/hub/684c3d3ca0cac29134435d81?_t=1750198426771&index=0&locale=es,py,pcex,,1,2025-06-13 13:34:46.000,jab464@pitt.edu,public,Jordan Ariel Barria Pineda
4215,py_concat_char_two_str_llm_es__684c61c3a0cac29134435e3c,pcex_set,Concatenando Caracteres de Dos Strings (Caso 1),Program Construction Examples,http://pawscomp2.sis.pitt.edu/pcex-authoring/preview/index.html?load=http://pawscomp2.sis.pitt.edu/pcex-authoring/api/hub/684c61c3a0cac29134435e3c?_t=1749844183272&index=0&locale=es,py,pcex,,1,2025-06-13 13:40:59.000,jab464@pitt.edu,public,Jordan Ariel Barria Pineda
4217,py_temperature_es__684dd9f8a0cac2913443642b,pcex_set,Mostrando los Dias que Estan por Sobre el Promedio de Temperatura,Program Construction Examples,http://pawscomp2.sis.pitt.edu/pcex-authoring/preview/index.html?load=http://pawscomp2.sis.pitt.edu/pcex-authoring/api/hub/684dd9f8a0cac2913443642b?_t=1750198422693&index=0&locale=es,py,pcex,,1,2025-06-16 15:19:36.000,jab464@pitt.edu,public,Jordan Ariel Barria Pineda
4219,py_classes_inheritance_es__685068eaa0cac29134436ebc,pcex_set,Herencia de Persona y Empleado,Program Construction Examples,http://pawscomp2.sis.pitt.edu/pcex-authoring/preview/index.html?load=http://pawscomp2.sis.pitt.edu/pcex-authoring/api/hub/685068eaa0cac29134436ebc?_t=1750184419936&index=0&locale=es,py,pcex,,1,2025-06-16 16:12:02.000,i.alpizarchacon@uu.nl,public,Isaac Alpizar-Chacon
4264,Reporting the Total Hours Each Employee Worked (Case 1)__68bdb309f6cc3d7a9cc0986b-68bdb309f6cc3d7a9cc09866-0,pcex_set,Reporting the Total Hours Each Employee Worked (Case 1),Program Construction Examples,http://pawscomp2.sis.pitt.edu/pcex-authoring/preview/index.html?load=http://pawscomp2.sis.pitt.edu/pcex-authoring/api/hub/68bdb309f6cc3d7a9cc0986b?_t=1757542343776&index=0,java,pcex,,1,2025-09-10 17:52:36.000,moh70@pitt.edu,public,Mohammad Hassany
4266,Printing A Sequence of Repeated Numbers (Case 1) __68bdb309f6cc3d7a9cc09863-68bdb309f6cc3d7a9cc0985e-0,pcex_set,Printing A Sequence of Repeated Numbers (Case 1) ,Program Construction Examples,http://pawscomp2.sis.pitt.edu/pcex-authoring/preview/index.html?load=http://pawscomp2.sis.pitt.edu/pcex-authoring/api/hub/68bdb309f6cc3d7a9cc09863?_t=1757542463301&index=0,java,pcex,,1,2025-09-10 17:57:55.000,moh70@pitt.edu,public,Mohammad Hassany
4268,Finding the Maximum Value in an Array__68bdb309f6cc3d7a9cc0985b-68bdb309f6cc3d7a9cc09856-0,pcex_set,Finding the Maximum Value in an Array,Program Construction Examples,http://pawscomp2.sis.pitt.edu/pcex-authoring/preview/index.html?load=http://pawscomp2.sis.pitt.edu/pcex-authoring/api/hub/68bdb309f6cc3d7a9cc0985b?_t=1757542507311&index=0,java,pcex,,1,2025-09-10 18:01:08.000,moh70@pitt.edu,public,Mohammad Hassany
4270,Seconds to Minutes Conversion__68bdb309f6cc3d7a9cc09853-68bdb309f6cc3d7a9cc0984e-0,pcex_set,Seconds to Minutes Conversion,Program Construction Examples,http://pawscomp2.sis.pitt.edu/pcex-authoring/preview/index.html?load=http://pawscomp2.sis.pitt.edu/pcex-authoring/api/hub/68bdb309f6cc3d7a9cc09853?_t=1757995090636&index=0,java,pcex,,1,2025-09-10 18:16:06.000,moh70@pitt.edu,public,Mohammad Hassany
4272,Printing Consecutive Numbers Within a Specified Range (Case 1) __68bdb309f6cc3d7a9cc0984b-68bdb309f6cc3d7a9cc09846-0,pcex_set,Printing Consecutive Numbers Within a Specified Range (Case 1) ,Program Construction Examples,http://pawscomp2.sis.pitt.edu/pcex-authoring/preview/index.html?load=http://pawscomp2.sis.pitt.edu/pcex-authoring/api/hub/68bdb309f6cc3d7a9cc0984b?_t=1757542625407&index=0,java,pcex,,1,2025-09-10 18:17:05.000,moh70@pitt.edu,public,Mohammad Hassany
4274,Determining the Maximum Rating for Each Soda in The Survey__68bdb309f6cc3d7a9cc09843-68bdb309f6cc3d7a9cc0983b-0,pcex_set,Determining the Maximum Rating for Each Soda in The Survey,Program Construction Examples,http://pawscomp2.sis.pitt.edu/pcex-authoring/preview/index.html?load=http://pawscomp2.sis.pitt.edu/pcex-authoring/api/hub/68bdb309f6cc3d7a9cc09843?_t=1757542652924&index=0,java,pcex,,1,2025-09-10 18:17:32.000,moh70@pitt.edu,public,Mohammad Hassany
4277,Determining the Weather Condition (Case 1)__68bdb309f6cc3d7a9cc09838-68bdb309f6cc3d7a9cc0982d-0,pcex_set,Determining the Weather Condition (Case 1),Program Construction Examples,http://pawscomp2.sis.pitt.edu/pcex-authoring/preview/index.html?load=http://pawscomp2.sis.pitt.edu/pcex-authoring/api/hub/68bdb309f6cc3d7a9cc09838?_t=1757542682513&index=0,java,pcex,,1,2025-09-10 18:18:02.000,moh70@pitt.edu,public,Mohammad Hassany
4281,String With Escape Characters (Case 1)__68bdb309f6cc3d7a9cc0982a-68bdb309f6cc3d7a9cc09822-0,pcex_set,String With Escape Characters (Case 1),Program Construction Examples,http://pawscomp2.sis.pitt.edu/pcex-authoring/preview/index.html?load=http://pawscomp2.sis.pitt.edu/pcex-authoring/api/hub/68bdb309f6cc3d7a9cc0982a?_t=1757542686507&index=0,java,pcex,,1,2025-09-10 18:18:06.000,moh70@pitt.edu,public,Mohammad Hassany
4284,Receiving Input Integers Until a Certain Condition is Met (Case 1)__68bdb309f6cc3d7a9cc0981f-68bdb309f6cc3d7a9cc09814-0,pcex_set,Receiving Input Integers Until a Certain Condition is Met (Case 1),Program Construction Examples,http://pawscomp2.sis.pitt.edu/pcex-authoring/preview/index.html?load=http://pawscomp2.sis.pitt.edu/pcex-authoring/api/hub/68bdb309f6cc3d7a9cc0981f?_t=1757542762742&index=0,java,pcex,,1,2025-09-10 18:19:22.000,moh70@pitt.edu,public,Mohammad Hassany
4288,Determining the Sign of an Integer__68bdb309f6cc3d7a9cc09811-68bdb309f6cc3d7a9cc0980c-0,pcex_set,Determining the Sign of an Integer,Program Construction Examples,http://pawscomp2.sis.pitt.edu/pcex-authoring/preview/index.html?load=http://pawscomp2.sis.pitt.edu/pcex-authoring/api/hub/68bdb309f6cc3d7a9cc09811?_t=1757542767623&index=0,java,pcex,,1,2025-09-10 18:19:27.000,moh70@pitt.edu,public,Mohammad Hassany
4290,Updating Two-Dimensional Array (Case 1)__68bdb309f6cc3d7a9cc09809-68bdb309f6cc3d7a9cc09801-0,pcex_set,Updating Two-Dimensional Array (Case 1),Program Construction Examples,http://pawscomp2.sis.pitt.edu/pcex-authoring/preview/index.html?load=http://pawscomp2.sis.pitt.edu/pcex-authoring/api/hub/68bdb309f6cc3d7a9cc09809?_t=1757542774322&index=0,java,pcex,,1,2025-09-10 18:19:34.000,moh70@pitt.edu,public,Mohammad Hassany
4293,Calculating Body Mass Index (BMI)__68bdb309f6cc3d7a9cc097fe-68bdb309f6cc3d7a9cc097f9-0,pcex_set,Calculating Body Mass Index (BMI),Program Construction Examples,http://pawscomp2.sis.pitt.edu/pcex-authoring/preview/index.html?load=http://pawscomp2.sis.pitt.edu/pcex-authoring/api/hub/68bdb309f6cc3d7a9cc097fe?_t=1757542822911&index=0,java,pcex,,1,2025-09-10 18:20:22.000,moh70@pitt.edu,public,Mohammad Hassany
4295,Rotating the Array Values to the Left by One Position__68bdb309f6cc3d7a9cc097f6-68bdb309f6cc3d7a9cc097eb-0,pcex_set,Rotating the Array Values to the Left by One Position,Program Construction Examples,http://pawscomp2.sis.pitt.edu/pcex-authoring/preview/index.html?load=http://pawscomp2.sis.pitt.edu/pcex-authoring/api/hub/68bdb309f6cc3d7a9cc097f6?_t=1757542828841&index=0,java,pcex,,1,2025-09-10 18:20:28.000,moh70@pitt.edu,public,Mohammad Hassany
4299,Finding Adjacent Duplicates in a Sequence of Numbers__68bdb309f6cc3d7a9cc097e8-68bdb309f6cc3d7a9cc097e0-0,pcex_set,Finding Adjacent Duplicates in a Sequence of Numbers,Program Construction Examples,http://pawscomp2.sis.pitt.edu/pcex-authoring/preview/index.html?load=http://pawscomp2.sis.pitt.edu/pcex-authoring/api/hub/68bdb309f6cc3d7a9cc097e8?_t=1757542838428&index=0,java,pcex,,1,2025-09-10 18:20:38.000,moh70@pitt.edu,public,Mohammad Hassany
4302,Printing Digits of an Integer from Right to Left__68bdb309f6cc3d7a9cc097dd-68bdb309f6cc3d7a9cc097d5-0,pcex_set,Printing Digits of an Integer from Right to Left,Program Construction Examples,http://pawscomp2.sis.pitt.edu/pcex-authoring/preview/index.html?load=http://pawscomp2.sis.pitt.edu/pcex-authoring/api/hub/68bdb309f6cc3d7a9cc097dd?_t=1757542896256&index=0,java,pcex,,1,2025-09-10 18:21:36.000,moh70@pitt.edu,public,Mohammad Hassany
4305,Determining When a Student Fails a Course (Case 1)__68bdb309f6cc3d7a9cc097d2-68bdb309f6cc3d7a9cc097ca-0,pcex_set,Determining When a Student Fails a Course (Case 1),Program Construction Examples,http://pawscomp2.sis.pitt.edu/pcex-authoring/preview/index.html?load=http://pawscomp2.sis.pitt.edu/pcex-authoring/api/hub/68bdb309f6cc3d7a9cc097d2?_t=1757542928667&index=0,java,pcex,,1,2025-09-10 18:22:08.000,moh70@pitt.edu,public,Mohammad Hassany
4308,Calculating the Average of Input Integers__68bdb309f6cc3d7a9cc097c7-68bdb309f6cc3d7a9cc097bf-0,pcex_set,Calculating the Average of Input Integers,Program Construction Examples,http://pawscomp2.sis.pitt.edu/pcex-authoring/preview/index.html?load=http://pawscomp2.sis.pitt.edu/pcex-authoring/api/hub/68bdb309f6cc3d7a9cc097c7?_t=1757543451055&index=0,java,pcex,,1,2025-09-10 18:22:42.000,moh70@pitt.edu,public,Mohammad Hassany
4311,Reporting File Information (Case 1) __68bdb309f6cc3d7a9cc097bc-68bdb309f6cc3d7a9cc097b7-0,pcex_set,Reporting File Information (Case 1) ,Program Construction Examples,http://pawscomp2.sis.pitt.edu/pcex-authoring/preview/index.html?load=http://pawscomp2.sis.pitt.edu/pcex-authoring/api/hub/68bdb309f6cc3d7a9cc097bc?_t=1757543543425&index=0,java,pcex,,1,2025-09-10 18:23:49.000,moh70@pitt.edu,public,Mohammad Hassany
4313,Finding the Number of Days Above the Average Temperature__68bdb309f6cc3d7a9cc097b4-68bdb309f6cc3d7a9cc097af-0,pcex_set,Finding the Number of Days Above the Average Temperature,Program Construction Examples,http://pawscomp2.sis.pitt.edu/pcex-authoring/preview/index.html?load=http://pawscomp2.sis.pitt.edu/pcex-authoring/api/hub/68bdb309f6cc3d7a9cc097b4?_t=1757543829917&index=0,java,pcex,,1,2025-09-10 18:29:52.000,moh70@pitt.edu,public,Mohammad Hassany
4315,Animal Class Hierarchy (Case 1) __68bdb309f6cc3d7a9cc097ac-68bdb309f6cc3d7a9cc097a7-0,pcex_set,Animal Class Hierarchy (Case 1) ,Program Construction Examples,http://pawscomp2.sis.pitt.edu/pcex-authoring/preview/index.html?load=http://pawscomp2.sis.pitt.edu/pcex-authoring/api/hub/68bdb309f6cc3d7a9cc097ac?_t=1757556848204&index=0,java,pcex,,1,2025-09-10 22:14:08.000,moh70@pitt.edu,public,Mohammad Hassany
4317,Point Class Hierarchy (Case 1) __68bdb309f6cc3d7a9cc097a4-68bdb309f6cc3d7a9cc0979f-0,pcex_set,Point Class Hierarchy (Case 1) ,Program Construction Examples,http://pawscomp2.sis.pitt.edu/pcex-authoring/preview/index.html?load=http://pawscomp2.sis.pitt.edu/pcex-authoring/api/hub/68bdb309f6cc3d7a9cc097a4?_t=1757556881349&index=0,java,pcex,,1,2025-09-10 22:14:41.000,moh70@pitt.edu,public,Mohammad Hassany
4319,Printing A Right Triangle Star Pattern__68bdb309f6cc3d7a9cc0979c-68bdb309f6cc3d7a9cc09797-0,pcex_set,Printing A Right Triangle Star Pattern,Program Construction Examples,http://pawscomp2.sis.pitt.edu/pcex-authoring/preview/index.html?load=http://pawscomp2.sis.pitt.edu/pcex-authoring/api/hub/68bdb309f6cc3d7a9cc0979c?_t=1757556939295&index=0,java,pcex,,1,2025-09-10 22:15:39.000,moh70@pitt.edu,public,Mohammad Hassany
4321,Determining Whether One is a Teenager (Case 1) __68bdb309f6cc3d7a9cc09794-68bdb309f6cc3d7a9cc0978f-0,pcex_set,Determining Whether One is a Teenager (Case 1) ,Program Construction Examples,http://pawscomp2.sis.pitt.edu/pcex-authoring/preview/index.html?load=http://pawscomp2.sis.pitt.edu/pcex-authoring/api/hub/68bdb309f6cc3d7a9cc09794?_t=1757556960162&index=0,java,pcex,,1,2025-09-10 22:16:00.000,moh70@pitt.edu,public,Mohammad Hassany
4323,Counting the Number of Valid and Banned Product Codes (Case 1) __68bdb309f6cc3d7a9cc0978c-68bdb309f6cc3d7a9cc09787-0,pcex_set,Counting the Number of Valid and Banned Product Codes (Case 1) ,Program Construction Examples,http://pawscomp2.sis.pitt.edu/pcex-authoring/preview/index.html?load=http://pawscomp2.sis.pitt.edu/pcex-authoring/api/hub/68bdb309f6cc3d7a9cc0978c?_t=1757556987730&index=0,java,pcex,,1,2025-09-10 22:16:27.000,moh70@pitt.edu,public,Mohammad Hassany
4325,Calculating the Employees Wage Based on the Hours That the Employee Has Worked and an Hourly Pay Rate__68bdb309f6cc3d7a9cc09784-68bdb309f6cc3d7a9cc0977f-0,pcex_set,Calculating the Employees Wage Based on the Hours That the Employee Has Worked and an Hourly Pay Rate,Program Construction Examples,http://pawscomp2.sis.pitt.edu/pcex-authoring/preview/index.html?load=http://pawscomp2.sis.pitt.edu/pcex-authoring/api/hub/68bdb309f6cc3d7a9cc09784?_t=1758485059927&index=0,java,pcex,,1,2025-09-10 22:16:52.000,moh70@pitt.edu,public,Mohammad Hassany
4327,Printing the Squares of Numbers Within a Specified Range (Case 1) __68bdb309f6cc3d7a9cc0977c-68bdb309f6cc3d7a9cc09774-0,pcex_set,Printing the Squares of Numbers Within a Specified Range (Case 1) ,Program Construction Examples,http://pawscomp2.sis.pitt.edu/pcex-authoring/preview/index.html?load=http://pawscomp2.sis.pitt.edu/pcex-authoring/api/hub/68bdb309f6cc3d7a9cc0977c?_t=1757557067728&index=0,java,pcex,,1,2025-09-10 22:17:47.000,moh70@pitt.edu,public,Mohammad Hassany
4330,The Class for Representing a Point in the Euclidean Plane (Case 1)__68bdb309f6cc3d7a9cc09771-68bdb309f6cc3d7a9cc0976c-0,pcex_set,The Class for Representing a Point in the Euclidean Plane (Case 1),Program Construction Examples,http://pawscomp2.sis.pitt.edu/pcex-authoring/preview/index.html?load=http://pawscomp2.sis.pitt.edu/pcex-authoring/api/hub/68bdb309f6cc3d7a9cc09771?_t=1757557074510&index=0,java,pcex,,1,2025-09-10 22:17:54.000,moh70@pitt.edu,public,Mohammad Hassany
4332,Determining the Letter Grade Of a Student__68bdb309f6cc3d7a9cc09769-68bdb309f6cc3d7a9cc09764-0,pcex_set,Determining the Letter Grade Of a Student,Program Construction Examples,http://pawscomp2.sis.pitt.edu/pcex-authoring/preview/index.html?load=http://pawscomp2.sis.pitt.edu/pcex-authoring/api/hub/68bdb309f6cc3d7a9cc09769?_t=1758487278778&index=0,java,pcex,,1,2025-09-10 22:18:18.000,moh70@pitt.edu,public,Mohammad Hassany
4334,Determining When at Least One of the Three Boolean Variables is True__68bdb309f6cc3d7a9cc09761-68bdb308f6cc3d7a9cc09759-0,pcex_set,Determining When at Least One of the Three Boolean Variables is True,Program Construction Examples,http://pawscomp2.sis.pitt.edu/pcex-authoring/preview/index.html?load=http://pawscomp2.sis.pitt.edu/pcex-authoring/api/hub/68bdb309f6cc3d7a9cc09761?_t=1757557106275&index=0,java,pcex,,1,2025-09-10 22:18:26.000,moh70@pitt.edu,public,Mohammad Hassany
4337,Celsius To Fahrenheit Conversion__68bdb308f6cc3d7a9cc09756-68bdb308f6cc3d7a9cc09751-0,pcex_set,Celsius To Fahrenheit Conversion,Program Construction Examples,http://pawscomp2.sis.pitt.edu/pcex-authoring/preview/index.html?load=http://pawscomp2.sis.pitt.edu/pcex-authoring/api/hub/68bdb308f6cc3d7a9cc09756?_t=1757557133369&index=0,java,pcex,,1,2025-09-10 22:18:53.000,moh70@pitt.edu,public,Mohammad Hassany
4339,Vending Machine With Dollars and Quarters__68bdb308f6cc3d7a9cc0974e-68bdb308f6cc3d7a9cc09749-0,pcex_set,Vending Machine With Dollars and Quarters,Program Construction Examples,http://pawscomp2.sis.pitt.edu/pcex-authoring/preview/index.html?load=http://pawscomp2.sis.pitt.edu/pcex-authoring/api/hub/68bdb308f6cc3d7a9cc0974e?_t=1757995042361&index=0,java,pcex,,1,2025-09-10 22:18:56.000,moh70@pitt.edu,public,Mohammad Hassany
4341,Printing Table of Medal Winner Counts with Row Totals__68bdb308f6cc3d7a9cc09746-68bdb308f6cc3d7a9cc09741-0,pcex_set,Printing Table of Medal Winner Counts with Row Totals,Program Construction Examples,http://pawscomp2.sis.pitt.edu/pcex-authoring/preview/index.html?load=http://pawscomp2.sis.pitt.edu/pcex-authoring/api/hub/68bdb308f6cc3d7a9cc09746?_t=1757557165442&index=0,java,pcex,,1,2025-09-10 22:19:25.000,moh70@pitt.edu,public,Mohammad Hassany
4343,Determining the Smallest of the Three Integers__68bdb308f6cc3d7a9cc0973e-68bdb308f6cc3d7a9cc09739-0,pcex_set,Determining the Smallest of the Three Integers,Program Construction Examples,http://pawscomp2.sis.pitt.edu/pcex-authoring/preview/index.html?load=http://pawscomp2.sis.pitt.edu/pcex-authoring/api/hub/68bdb308f6cc3d7a9cc0973e?_t=1757557198020&index=0,java,pcex,,1,2025-09-10 22:19:58.000,moh70@pitt.edu,public,Mohammad Hassany
4345,Warning the User about the Changes in the Temperature__68bdb308f6cc3d7a9cc09736-68bdb308f6cc3d7a9cc09731-0,pcex_set,Warning the User about the Changes in the Temperature,Program Construction Examples,http://pawscomp2.sis.pitt.edu/pcex-authoring/preview/index.html?load=http://pawscomp2.sis.pitt.edu/pcex-authoring/api/hub/68bdb308f6cc3d7a9cc09736?_t=1757557202087&index=0,java,pcex,,1,2025-09-10 22:20:02.000,moh70@pitt.edu,public,Mohammad Hassany
4347,Printing Name Initials__68bdb308f6cc3d7a9cc0972e-68bdb308f6cc3d7a9cc09726-0,pcex_set,Printing Name Initials,Program Construction Examples,http://pawscomp2.sis.pitt.edu/pcex-authoring/preview/index.html?load=http://pawscomp2.sis.pitt.edu/pcex-authoring/api/hub/68bdb308f6cc3d7a9cc0972e?_t=1757557219672&index=0,java,pcex,,1,2025-09-10 22:20:19.000,moh70@pitt.edu,public,Mohammad Hassany
4350,Modifying an Array (Case 1)__68bdb308f6cc3d7a9cc09723-68bdb308f6cc3d7a9cc0971e-0,pcex_set,Modifying an Array (Case 1),Program Construction Examples,http://pawscomp2.sis.pitt.edu/pcex-authoring/preview/index.html?load=http://pawscomp2.sis.pitt.edu/pcex-authoring/api/hub/68bdb308f6cc3d7a9cc09723?_t=1757557331659&index=0,java,pcex,,1,2025-09-10 22:22:11.000,moh70@pitt.edu,public,Mohammad Hassany
4352,Updating an Element in the Array (Case 1) __68bdb308f6cc3d7a9cc0971b-68bdb308f6cc3d7a9cc09713-0,pcex_set,Updating an Element in the Array (Case 1) ,Program Construction Examples,http://pawscomp2.sis.pitt.edu/pcex-authoring/preview/index.html?load=http://pawscomp2.sis.pitt.edu/pcex-authoring/api/hub/68bdb308f6cc3d7a9cc0971b?_t=1757557335332&index=0,java,pcex,,1,2025-09-10 22:22:15.000,moh70@pitt.edu,public,Mohammad Hassany
4355,Calculating the Winning Percentage of a Sports Team (Case 1)__68bdb308f6cc3d7a9cc09710-68bdb308f6cc3d7a9cc09708-0,pcex_set,Calculating the Winning Percentage of a Sports Team (Case 1),Program Construction Examples,http://pawscomp2.sis.pitt.edu/pcex-authoring/preview/index.html?load=http://pawscomp2.sis.pitt.edu/pcex-authoring/api/hub/68bdb308f6cc3d7a9cc09710?_t=1757557365503&index=0,java,pcex,,1,2025-09-10 22:22:45.000,moh70@pitt.edu,public,Mohammad Hassany
4358,Printing Sequence of Numbers with a Gap Between Adjacent Values (Case 1) __68bdb308f6cc3d7a9cc09705-68bdb308f6cc3d7a9cc09700-0,pcex_set,Printing Sequence of Numbers with a Gap Between Adjacent Values (Case 1) ,Program Construction Examples,http://pawscomp2.sis.pitt.edu/pcex-authoring/preview/index.html?load=http://pawscomp2.sis.pitt.edu/pcex-authoring/api/hub/68bdb308f6cc3d7a9cc09705?_t=1757557413901&index=0,java,pcex,,1,2025-09-10 22:23:33.000,moh70@pitt.edu,public,Mohammad Hassany
4360,Calculating the Sum of the Values in an Array__68bdb308f6cc3d7a9cc096fd-68bdb308f6cc3d7a9cc096f8-0,pcex_set,Calculating the Sum of the Values in an Array,Program Construction Examples,http://pawscomp2.sis.pitt.edu/pcex-authoring/preview/index.html?load=http://pawscomp2.sis.pitt.edu/pcex-authoring/api/hub/68bdb308f6cc3d7a9cc096fd?_t=1757557435980&index=0,java,pcex,,1,2025-09-10 22:23:55.000,moh70@pitt.edu,public,Mohammad Hassany
4362,String Comparison (Case 1)__68bdb308f6cc3d7a9cc096f5-68bdb308f6cc3d7a9cc096f0-0,pcex_set,String Comparison (Case 1),Program Construction Examples,http://pawscomp2.sis.pitt.edu/pcex-authoring/preview/index.html?load=http://pawscomp2.sis.pitt.edu/pcex-authoring/api/hub/68bdb308f6cc3d7a9cc096f5?_t=1757557439753&index=0,java,pcex,,1,2025-09-10 22:23:59.000,moh70@pitt.edu,public,Mohammad Hassany
4364,Determining When a Customer Could Rent a Car (Case 1)__68bdb308f6cc3d7a9cc096ed-68bdb308f6cc3d7a9cc096e5-0,pcex_set,Determining When a Customer Could Rent a Car (Case 1),Program Construction Examples,http://pawscomp2.sis.pitt.edu/pcex-authoring/preview/index.html?load=http://pawscomp2.sis.pitt.edu/pcex-authoring/api/hub/68bdb308f6cc3d7a9cc096ed?_t=1757557448674&index=0,java,pcex,,1,2025-09-10 22:24:08.000,moh70@pitt.edu,public,Mohammad Hassany
4367,String Concatenation (Case 1)__68bdb308f6cc3d7a9cc096e2-68bdb308f6cc3d7a9cc096dd-0,pcex_set,String Concatenation (Case 1),Program Construction Examples,http://pawscomp2.sis.pitt.edu/pcex-authoring/preview/index.html?load=http://pawscomp2.sis.pitt.edu/pcex-authoring/api/hub/68bdb308f6cc3d7a9cc096e2?_t=1757557481321&index=0,java,pcex,,1,2025-09-10 22:24:41.000,moh70@pitt.edu,public,Mohammad Hassany
4369,Increment/Decrement Operators (Case 1)__68bdb308f6cc3d7a9cc096da-68bdb308f6cc3d7a9cc096d2-0,pcex_set,Increment/Decrement Operators (Case 1),Program Construction Examples,http://pawscomp2.sis.pitt.edu/pcex-authoring/preview/index.html?load=http://pawscomp2.sis.pitt.edu/pcex-authoring/api/hub/68bdb308f6cc3d7a9cc096da?_t=1757557485160&index=0,java,pcex,,1,2025-09-10 22:24:45.000,moh70@pitt.edu,public,Mohammad Hassany
4372,Creating an Array of Odd Numbers__68bdb308f6cc3d7a9cc096cf-68bdb308f6cc3d7a9cc096ca-0,pcex_set,Creating an Array of Odd Numbers,Program Construction Examples,http://pawscomp2.sis.pitt.edu/pcex-authoring/preview/index.html?load=http://pawscomp2.sis.pitt.edu/pcex-authoring/api/hub/68bdb308f6cc3d7a9cc096cf?_t=1757557549591&index=0,java,pcex,,1,2025-09-10 22:25:49.000,moh70@pitt.edu,public,Mohammad Hassany
4374,Creating a List of Words from a File __68bdb308f6cc3d7a9cc096c7-68bdb308f6cc3d7a9cc096c2-0,pcex_set,Creating a List of Words from a File ,Program Construction Examples,http://pawscomp2.sis.pitt.edu/pcex-authoring/preview/index.html?load=http://pawscomp2.sis.pitt.edu/pcex-authoring/api/hub/68bdb308f6cc3d7a9cc096c7?_t=1757557552174&index=0,java,pcex,,1,2025-09-10 22:25:52.000,moh70@pitt.edu,public,Mohammad Hassany
4376,The Class for Representing a Loan (Case 1)__68bdb308f6cc3d7a9cc096bf-68bdb308f6cc3d7a9cc096ba-0,pcex_set,The Class for Representing a Loan (Case 1),Program Construction Examples,http://pawscomp2.sis.pitt.edu/pcex-authoring/preview/index.html?load=http://pawscomp2.sis.pitt.edu/pcex-authoring/api/hub/68bdb308f6cc3d7a9cc096bf?_t=1757557557305&index=0,java,pcex,,1,2025-09-10 22:25:57.000,moh70@pitt.edu,public,Mohammad Hassany
4378,The Class for Representing a TV (Case 1)__68bdb308f6cc3d7a9cc096b7-68bdb308f6cc3d7a9cc096b2-0,pcex_set,The Class for Representing a TV (Case 1),Program Construction Examples,http://pawscomp2.sis.pitt.edu/pcex-authoring/preview/index.html?load=http://pawscomp2.sis.pitt.edu/pcex-authoring/api/hub/68bdb308f6cc3d7a9cc096b7?_t=1757557568035&index=0,java,pcex,,1,2025-09-10 22:26:08.000,moh70@pitt.edu,public,Mohammad Hassany
4380,The Class for Representing a Bank Account (Case 1)__68bdb308f6cc3d7a9cc096af-68bdb308f6cc3d7a9cc096aa-0,pcex_set,The Class for Representing a Bank Account (Case 1),Program Construction Examples,http://pawscomp2.sis.pitt.edu/pcex-authoring/preview/index.html?load=http://pawscomp2.sis.pitt.edu/pcex-authoring/api/hub/68bdb308f6cc3d7a9cc096af?_t=1757557604568&index=0,java,pcex,,1,2025-09-10 22:26:44.000,moh70@pitt.edu,public,Mohammad Hassany
4382,Accessing String Characters (Case 1)__68bdb308f6cc3d7a9cc096a7-68bdb308f6cc3d7a9cc096a2-0,pcex_set,Accessing String Characters (Case 1),Program Construction Examples,http://pawscomp2.sis.pitt.edu/pcex-authoring/preview/index.html?load=http://pawscomp2.sis.pitt.edu/pcex-authoring/api/hub/68bdb308f6cc3d7a9cc096a7?_t=1757557608459&index=0,java,pcex,,1,2025-09-10 22:26:48.000,moh70@pitt.edu,public,Mohammad Hassany
4384,Finding the Smallest Divisor of a Positive Number__68bdb308f6cc3d7a9cc0969f-68bdb308f6cc3d7a9cc0969a-0,pcex_set,Finding the Smallest Divisor of a Positive Number,Program Construction Examples,http://pawscomp2.sis.pitt.edu/pcex-authoring/preview/index.html?load=http://pawscomp2.sis.pitt.edu/pcex-authoring/api/hub/68bdb308f6cc3d7a9cc0969f?_t=1757557630088&index=0,java,pcex,,1,2025-09-10 22:27:10.000,moh70@pitt.edu,public,Mohammad Hassany
4386,Pythagorean Theorem (Case 1)__68bdb308f6cc3d7a9cc09697-68bdb308f6cc3d7a9cc09692-0,pcex_set,Pythagorean Theorem (Case 1),Program Construction Examples,http://pawscomp2.sis.pitt.edu/pcex-authoring/preview/index.html?load=http://pawscomp2.sis.pitt.edu/pcex-authoring/api/hub/68bdb308f6cc3d7a9cc09697?_t=1757557649318&index=0,java,pcex,,1,2025-09-10 22:27:29.000,moh70@pitt.edu,public,Mohammad Hassany
4388,Printing Consecutive Numbers Starting from Zero (Case 1) __68bdb308f6cc3d7a9cc0968f-68bdb308f6cc3d7a9cc0968a-0,pcex_set,Printing Consecutive Numbers Starting from Zero (Case 1) ,Program Construction Examples,http://pawscomp2.sis.pitt.edu/pcex-authoring/preview/index.html?load=http://pawscomp2.sis.pitt.edu/pcex-authoring/api/hub/68bdb308f6cc3d7a9cc0968f?_t=1757557653868&index=0,java,pcex,,1,2025-09-10 22:27:33.000,moh70@pitt.edu,public,Mohammad Hassany
4390,Determining When to Buy a New Phone (Case 1)__68bdb308f6cc3d7a9cc09687-68bdb308f6cc3d7a9cc09682-0,pcex_set,Determining When to Buy a New Phone (Case 1),Program Construction Examples,http://pawscomp2.sis.pitt.edu/pcex-authoring/preview/index.html?load=http://pawscomp2.sis.pitt.edu/pcex-authoring/api/hub/68bdb308f6cc3d7a9cc09687?_t=1757557672139&index=0,java,pcex,,1,2025-09-10 22:27:52.000,moh70@pitt.edu,public,Mohammad Hassany
4392,Printing Common Elements in Two Arrays__68bdb308f6cc3d7a9cc0967f-68bdb308f6cc3d7a9cc09677-0,pcex_set,Printing Common Elements in Two Arrays,Program Construction Examples,http://pawscomp2.sis.pitt.edu/pcex-authoring/preview/index.html?load=http://pawscomp2.sis.pitt.edu/pcex-authoring/api/hub/68bdb308f6cc3d7a9cc0967f?_t=1757557674629&index=0,java,pcex,,1,2025-09-10 22:27:54.000,moh70@pitt.edu,public,Mohammad Hassany
4395,Vending Machine With Dollars and Quarters__664e3efd91363872f0ba35f8-664e3ef591363872f0ba35f4-0,pcex_set,Vending Machine With Dollars and Quarters,Program Construction Examples,http://pawscomp2.sis.pitt.edu/pcex-authoring/preview/index.html?load=http://pawscomp2.sis.pitt.edu/pcex-authoring/api/hub/664e3efd91363872f0ba35f8?_t=1757995050643&index=0,java,pcex,,1,2025-09-15 23:57:30.000,moh70@pitt.edu,public,Mohammad Hassany
4397,Vending Machine With Dollars and Quarters__664e24f091363872f0ba3330-664e24ec91363872f0ba332c-0,pcex_set,Vending Machine With Dollars and Quarters,Program Construction Examples,http://pawscomp2.sis.pitt.edu/pcex-authoring/preview/index.html?load=http://pawscomp2.sis.pitt.edu/pcex-authoring/api/hub/664e24f091363872f0ba3330?_t=1757995061858&index=0,py,pcex,,1,2025-09-15 23:57:41.000,moh70@pitt.edu,public,Mohammad Hassany
4399,Seconds to Minutes Conversion__677c5572949ed2ff17c30456-664e23ff91363872f0ba32ee-0,pcex_set,Seconds to Minutes Conversion,Program Construction Examples,http://pawscomp2.sis.pitt.edu/pcex-authoring/preview/index.html?load=http://pawscomp2.sis.pitt.edu/pcex-authoring/api/hub/677c5572949ed2ff17c30456?_t=1757995084547&index=0,py,pcex,,1,2025-09-15 23:58:04.000,moh70@pitt.edu,public,Mohammad Hassany
4401,Seconds to Minutes Conversion__664e505691363872f0ba38f8-664e504b91363872f0ba38f4-0,pcex_set,Seconds to Minutes Conversion,Program Construction Examples,http://pawscomp2.sis.pitt.edu/pcex-authoring/preview/index.html?load=http://pawscomp2.sis.pitt.edu/pcex-authoring/api/hub/664e505691363872f0ba38f8?_t=1757995097577&index=0,java,pcex,,1,2025-09-15 23:58:17.000,moh70@pitt.edu,public,Mohammad Hassany
4403,Seconds to Minutes Conversion__664e241291363872f0ba32f4-664e23ff91363872f0ba32ee-0,pcex_set,Seconds to Minutes Conversion,Program Construction Examples,http://pawscomp2.sis.pitt.edu/pcex-authoring/preview/index.html?load=http://pawscomp2.sis.pitt.edu/pcex-authoring/api/hub/664e241291363872f0ba32f4?_t=1757995103718&index=0,py,pcex,,1,2025-09-15 23:58:23.000,moh70@pitt.edu,public,Mohammad Hassany
